{
  "pathogenic_positions": {
    "RMRP": [
      1,
      3,
      5,
      6,
      16,
      37,
      42,
      52,
      64,
      72,
      81,
      82,
      92,
      94,
      97,
      101,
      113,
      129,
      141,
      148,
      149,
      156,
      180,
      181,
      182,
      184,
      195,
      196,
      197,
      213,
      216,
      219,
      220,
      222,
      224,
      232,
      240,
      244,
      246,
      256,
      264
    ],
    "RNU4-2": [
      7,
      8,
      11,
      18,
      32,
      45,
      46,
      56,
      62,
      63,
      64,
      65,
      66,
      67,
      68,
      69,
      70,
      72,
      75,
      76,
      77,
      78,
      118,
      119,
      122
    ]
  },
  "results": {
    "RMRP": {
      "rnafm": {
        "embed": {
          "n_pathogenic": 41,
          "auc": 0.44,
          "mean_percentile": 0.451,
          "p_value": 0.221
        }
      },
      "erniarna": {
        "embed": {
          "n_pathogenic": 41,
          "auc": 0.532,
          "mean_percentile": 0.529,
          "p_value": 0.513
        }
      }
    },
    "RNU4-2": {
      "rnafm": {
        "embed": {
          "n_pathogenic": 25,
          "auc": 0.53,
          "mean_percentile": 0.528,
          "p_value": 0.639
        },
        "feat": {
          "n_pathogenic": 25,
          "auc": 0.62,
          "mean_percentile": 0.602,
          "p_value": 0.0607
        }
      },
      "erniarna": {
        "embed": {
          "n_pathogenic": 25,
          "auc": 0.686,
          "mean_percentile": 0.656,
          "p_value": 0.00365
        }
      },
      "rnamsm": {
        "embed": {
          "n_pathogenic": 25,
          "auc": 0.256,
          "mean_percentile": 0.303,
          "p_value": 0.000132
        }
      }
    }
  }
}