{
  "step": [
    0,
    249,
    499,
    749,
    999,
    1249,
    1499,
    1749,
    1999,
    2249,
    2499,
    2749,
    2999,
    3249,
    3499,
    3749,
    3999,
    4249,
    4499,
    4749,
    4999,
    5249,
    5499,
    5749,
    5999,
    6249,
    6499,
    6749,
    6999,
    7249,
    7499,
    7749,
    7999,
    8249,
    8499,
    8749,
    8999,
    9249,
    9499,
    9749,
    9999,
    10249,
    10499,
    10749,
    10999,
    11249,
    11499,
    11749,
    11999,
    12249,
    12499,
    12749,
    12999,
    13249,
    13499,
    13749,
    13999,
    14249,
    14499,
    14749,
    14999,
    15249,
    15499,
    15749,
    15999
  ],
  "lr": [
    1e-06,
    0.00025,
    0.00039996422751899046,
    0.0003995556091270926,
    0.0003986919630659525,
    0.00039737547797705095,
    0.0003956094900810971,
    0.0003933984747234177,
    0.0003907480350325908,
    0.0003876648877210648,
    0.0003841568460637461,
    0.00038023280009769165,
    0.00037590269409308385,
    0.0003711775013525805,
    0.0003660691964029028,
    0.0003605907246491335,
    0.0003547559695686268,
    0.0003485797175276664,
    0.0003420776203100342,
    0.0003352661554524472,
    0.00032816258448738173,
    0.0003207849091991053,
    0.000313151826003771,
    0.00030528267856918384,
    0.0002971974087943105,
    0.00028891650627275783,
    0.00028046095636829094,
    0.0002718521870339763,
    0.0002631120145097202,
    0.0002542625880358155,
    0.0002453263337226028,
    0.0002363258977184907,
    0.00022728408882035845,
    0.00021822382067177674,
    0.00020916805369552722,
    0.00020013973690757438,
    0.0001911617497599454,
    0.00018225684415989677,
    0.00017344758681230474,
    0.00016475630203139198,
    0.0001562050151667192,
    0.00014781539678680793,
    0.00013960870776184682,
    0.00013160574538464853,
    0.00012382679066640103,
    0.0001162915569407716,
    0.00010901913990661401,
    0.00010202796923587712,
    9.533576186935192e-05,
    8.895947711861248e-05,
    8.291527368793252e-05,
    7.721846872509062e-05,
    7.188349900483852e-05,
    6.692388434339964e-05,
    6.235219333671318e-05,
    5.8180011509249075e-05,
    5.44179119541112e-05,
    5.1075428538831396e-05,
    4.8161031744757154e-05,
    4.568210720125917e-05,
    4.364493696915832e-05,
    4.20546836208023e-05,
    4.0915377157136967e-05,
    4.0229904794926127e-05,
    4.000000365000163e-05
  ],
  "train_recon_loss": [
    0.9181766510009766,
    0.05524414777755737,
    0.013553152792155743,
    0.009578227065503597,
    0.00796392560005188,
    0.006735300179570913,
    0.0065385727211833,
    0.00565042719244957,
    0.005440371111035347,
    0.005712182726711035,
    0.004267205484211445,
    0.003725482849404216,
    0.003382315393537283,
    0.003542342921718955,
    0.003188804490491748,
    0.003036675974726677,
    0.0027389884926378727,
    0.002824829425662756,
    0.002533495891839266,
    0.0024536321870982647,
    0.0024333950132131577,
    0.00252517475746572,
    0.0023902668617665768,
    0.002158967312425375,
    0.0020399405620992184,
    0.002318604849278927,
    0.002118214499205351,
    0.0019704175647348166,
    0.0019024582579731941,
    0.002231194172054529,
    0.0019694718066602945,
    0.001917123096063733,
    0.0017432530876249075,
    0.00298572750762105,
    0.002380336169153452,
    0.0022130929864943027,
    0.0020276859868317842,
    0.0038337819278240204,
    0.002713975263759494,
    0.0024451185017824173,
    0.002263363217934966,
    0.006401284597814083,
    0.003526401473209262,
    0.002859667642042041,
    0.002480837982147932,
    0.0022777440026402473,
    0.002206729259341955,
    0.0021604089997708797,
    0.0020777385216206312,
    0.0020235497504472733,
    0.0019041243940591812,
    0.0018529854714870453,
    0.0018065118929371238,
    0.001778302015736699,
    0.0017360708443447948,
    0.001778063247911632,
    0.0017103739082813263,
    0.0017310375114902854,
    0.0016257676761597395,
    0.0017410115106031299,
    0.0016269765328615904,
    0.0015916734701022506,
    0.0015326481079682708,
    0.0015301679959520698,
    0.001592039130628109
  ],
  "train_l0": [
    32.0,
    32.0,
    32.0,
    32.0,
    32.0,
    32.0,
    32.0,
    32.0,
    32.0,
    32.0,
    32.0,
    32.0,
    32.0,
    32.0,
    32.0,
    32.0,
    32.0,
    32.0,
    32.0,
    32.0,
    32.0,
    32.0,
    32.0,
    32.0,
    32.0,
    32.0,
    32.0,
    32.0,
    32.0,
    32.0,
    32.0,
    32.0,
    32.0,
    32.0,
    32.0,
    32.0,
    32.0,
    32.0,
    32.0,
    32.0,
    32.0,
    32.0,
    32.0,
    32.0,
    32.0,
    32.0,
    32.0,
    32.0,
    32.0,
    32.0,
    32.0,
    32.0,
    32.0,
    32.0,
    32.0,
    32.0,
    32.0,
    32.0,
    32.0,
    32.0,
    32.0,
    32.0,
    32.0,
    32.0,
    32.0
  ],
  "train_explained_var": [
    0.08479116869388825,
    0.9448357298179112,
    0.98640726424253,
    0.990360201804852,
    0.992102593286855,
    0.9932298568821333,
    0.9935390667424079,
    0.9943629091726534,
    0.99455922087518,
    0.9942888184501919,
    0.9957106001555082,
    0.9962605552641772,
    0.9965700361623062,
    0.9964353443518184,
    0.9968005297786545,
    0.9969560591451975,
    0.9972959905091721,
    0.9971877092199724,
    0.997500728665816,
    0.9975561903005346,
    0.997604260603936,
    0.9974608212119147,
    0.997591985605322,
    0.9978507520485291,
    0.9979667319781866,
    0.9976855016799188,
    0.9978901022890123,
    0.9980425091529435,
    0.9980988531511725,
    0.9977864105639876,
    0.9980204369907831,
    0.9980891064182242,
    0.9982623122160439,
    0.9970231839414746,
    0.9975897892796849,
    0.9977748027260405,
    0.9979562420334137,
    0.9961803123325328,
    0.9972713476237385,
    0.9975622333754015,
    0.9977368251224057,
    0.99362232858177,
    0.9964672110206847,
    0.9971368057036731,
    0.9974963446793933,
    0.9977469093633563,
    0.9977798852230719,
    0.9978371805739856,
    0.9979272933681728,
    0.9979829903157788,
    0.9980867330825006,
    0.9981557954869906,
    0.9981900740196192,
    0.9982411135051131,
    0.9982630755730143,
    0.9982196341775524,
    0.9982842426476827,
    0.9982829602390543,
    0.9983595552727175,
    0.9982569944698039,
    0.9983861116459257,
    0.9983877969292634,
    0.9984450718151666,
    0.9984636060147304,
    0.9984016203404494
  ],
  "eval_step": [
    500,
    1000,
    1500,
    2000,
    2500,
    3000,
    3500,
    4000,
    4500,
    5000,
    5500,
    6000,
    6500,
    7000,
    7500,
    8000,
    8500,
    9000,
    9500,
    10000,
    10500,
    11000,
    11500,
    12000,
    12500,
    13000,
    13500,
    14000,
    14500,
    15000,
    15500,
    16000
  ],
  "eval_recon_loss": [
    0.014679500444701373,
    0.008297500980787617,
    0.00657291759932421,
    0.005635795994102432,
    0.004632590828775555,
    0.0035792284785567847,
    0.003385503985985123,
    0.0029369563453561526,
    0.0027276547662915688,
    0.0024860127889976525,
    0.0024336272931636074,
    0.0021828134965745745,
    0.0022032900684808175,
    0.0019420157958461959,
    0.0020561356120018764,
    0.0018886475069751613,
    0.0025705100114107103,
    0.002129842256777271,
    0.0029263834221512682,
    0.0023326833823998196,
    0.004033114261554119,
    0.002800817074671971,
    0.002404391947463526,
    0.002173891095638135,
    0.002023115866384409,
    0.0019152780962869676,
    0.0018334043022997062,
    0.0017650131072861547,
    0.0017099136272213532,
    0.0016663341218277519,
    0.001629094223877025,
    0.0015948903419949812
  ],