{
  "step": [
    0,
    249,
    499,
    749,
    999,
    1249,
    1499,
    1749,
    1999,
    2249,
    2499,
    2749,
    2999,
    3249,
    3499,
    3749,
    3999,
    4249,
    4499,
    4749,
    4999,
    5249,
    5499,
    5749,
    5999,
    6249,
    6499,
    6749,
    6999,
    7249,
    7499,
    7749,
    7999,
    8249,
    8499,
    8749,
    8999,
    9249,
    9499,
    9749,
    9999,
    10249,
    10499,
    10749,
    10999,
    11249,
    11499,
    11749,
    11999,
    12249,
    12499,
    12749,
    12999,
    13249,
    13499,
    13749,
    13999,
    14249,
    14499,
    14749,
    14999,
    15249,
    15499,
    15749,
    15999
  ],
  "lr": [
    1e-06,
    0.00025,
    0.00039996422751899046,
    0.0003995556091270926,
    0.0003986919630659525,
    0.00039737547797705095,
    0.0003956094900810971,
    0.0003933984747234177,
    0.0003907480350325908,
    0.0003876648877210648,
    0.0003841568460637461,
    0.00038023280009769165,
    0.00037590269409308385,
    0.0003711775013525805,
    0.0003660691964029028,
    0.0003605907246491335,
    0.0003547559695686268,
    0.0003485797175276664,
    0.0003420776203100342,
    0.0003352661554524472,
    0.00032816258448738173,
    0.0003207849091991053,
    0.000313151826003771,
    0.00030528267856918384,
    0.0002971974087943105,
    0.00028891650627275783,
    0.00028046095636829094,
    0.0002718521870339763,
    0.0002631120145097202,
    0.0002542625880358155,
    0.0002453263337226028,
    0.0002363258977184907,
    0.00022728408882035845,
    0.00021822382067177674,
    0.00020916805369552722,
    0.00020013973690757438,
    0.0001911617497599454,
    0.00018225684415989677,
    0.00017344758681230474,
    0.00016475630203139198,
    0.0001562050151667192,
    0.00014781539678680793,
    0.00013960870776184682,
    0.00013160574538464853,
    0.00012382679066640103,
    0.0001162915569407716,
    0.00010901913990661401,
    0.00010202796923587712,
    9.533576186935192e-05,
    8.895947711861248e-05,
    8.291527368793252e-05,
    7.721846872509062e-05,
    7.188349900483852e-05,
    6.692388434339964e-05,
    6.235219333671318e-05,
    5.8180011509249075e-05,
    5.44179119541112e-05,
    5.1075428538831396e-05,
    4.8161031744757154e-05,
    4.568210720125917e-05,
    4.364493696915832e-05,
    4.20546836208023e-05,
    4.0915377157136967e-05,
    4.0229904794926127e-05,
    4.000000365000163e-05
  ],
  "train_recon_loss": [
    0.09931584447622299,
    0.06700621545314789,
    0.05191051959991455,
    0.04759424179792404,
    0.04472421854734421,
    0.04270750284194946,
    0.04245452210307121,
    0.04032441973686218,
    0.03961095213890076,
    0.03938361629843712,
    0.0377102866768837,
    0.03810642659664154,
    0.03813854232430458,
    0.03680602088570595,
    0.036586251109838486,
    0.037346865981817245,
    0.03744344785809517,
    0.03578231483697891,
    0.0364098995923996,
    0.036207497119903564,
    0.03548496589064598,
    0.0353701114654541,
    0.03550390154123306,
    0.03468383103609085,
    0.03471198305487633,
    0.03506138548254967,
    0.034439947456121445,
    0.034959957003593445,
    0.035296790301799774,
    0.034719184041023254,
    0.03454753756523132,
    0.03391570970416069,
    0.03383957967162132,
    0.03376561030745506,
    0.0338408537209034,
    0.033180177211761475,
    0.033351581543684006,
    0.03355441987514496,
    0.03348495066165924,
    0.0327301099896431,
    0.033768199384212494,
    0.03244201838970184,
    0.031919367611408234,
    0.03361273556947708,
    0.03294065594673157,
    0.03253106772899628,
    0.03293284773826599,
    0.03325800597667694,
    0.033236030489206314,
    0.03300459310412407,
    0.03286610543727875,
    0.032401278614997864,
    0.03221628814935684,
    0.032170843333005905,
    0.03327300027012825,
    0.03299576789140701,
    0.032691579312086105,
    0.03271373361349106,
    0.03257455676794052,
    0.032415568828582764,
    0.03227042779326439,
    0.03251881152391434,
    0.03286951035261154,
    0.03268241509795189,
    0.03210834413766861
  ],
  "train_l0": [
    32.0,
    32.0,
    32.0,
    32.0,
    32.0,
    32.0,
    32.0,
    32.0,
    32.0,
    32.0,
    32.0,
    32.0,
    32.0,
    32.0,
    32.0,
    32.0,
    32.0,
    32.0,
    32.0,
    32.0,
    32.0,
    32.0,
    32.0,
    32.0,
    32.0,
    32.0,
    32.0,
    32.0,
    32.0,
    32.0,
    32.0,
    32.0,
    32.0,
    32.0,
    32.0,
    32.0,
    32.0,
    32.0,
    32.0,
    32.0,
    32.0,
    32.0,
    32.0,
    32.0,
    32.0,
    32.0,
    32.0,
    32.0,
    32.0,
    32.0,
    32.0,
    32.0,
    32.0,
    32.0,
    32.0,
    32.0,
    32.0,
    32.0,
    32.0,
    32.0,
    32.0,
    32.0,
    32.0,
    32.0,
    32.0
  ],
  "train_explained_var": [
    0.11967194873457276,
    0.39313013388824936,
    0.5232546928836168,
    0.5677605623491173,
    0.5937815560740396,
    0.6186248222736597,
    0.6192210613778979,
    0.6343203542783911,
    0.6450436245748823,
    0.6469505929115106,
    0.6529294486362909,
    0.6579900279829806,
    0.6569762225092846,
    0.6687170752070923,
    0.6660589512308193,
    0.6617136580091343,
    0.6684007794088372,
    0.6741447916527434,
    0.6720079727123136,
    0.6746641233546922,
    0.6757031456825577,
    0.6835229474932172,
    0.6791692943818143,
    0.6818894050500732,
    0.6869286993390386,
    0.6810325568507551,
    0.6918239222231104,
    0.688866495149558,
    0.6874761482217202,
    0.685895246086308,
    0.6921648021123104,
    0.6932064399664233,
    0.6955289597191554,
    0.6974004523420047,
    0.6912356683221825,
    0.6970433842513377,
    0.6948418661993794,
    0.6930177242541617,
    0.6947242119251487,
    0.7028600768808124,
    0.6994531290357255,
    0.7045165600097665,
    0.7099227544389588,
    0.6972293429879709,
    0.701597386342959,
    0.7037253823189416,
    0.7051315243595859,
    0.7013050312582116,
    0.6996098181216295,
    0.700697842797944,
    0.7063768943249029,
    0.7058055492604256,
    0.7079582464717644,
    0.7053385768449165,
    0.7012996172863064,
    0.7023325740349529,
    0.7037157280775095,
    0.7077636250283783,
    0.7094424809631366,
    0.7052123775664721,
    0.7083552648013927,
    0.706152077572118,
    0.7033887262892161,
    0.7065588567588379,
    0.7124951515550182
  ],
  "eval_step": [
    500,
    1000,
    1500,
    2000,
    2500,
    3000,
    3500,
    4000,
    4500,
    5000,
    5500,
    6000,
    6500,
    7000,
    7500,
    8000,
    8500,
    9000,
    9500,
    10000,
    10500,
    11000,
    11500,
    12000,
    12500,
    13000,
    13500,
    14000,
    14500,
    15000,
    15500,
    16000
  ],
  "eval_recon_loss": [
    0.04941415077509785,
    0.04280355423454985,
    0.0403949919983935,
    0.03907310033747607,
    0.03785754537222818,
    0.037147434249850085,
    0.03656319892999153,
    0.036077235359168444,
    0.03567903454265382,
    0.03535428474285149,
    0.0350602824233189,
    0.03482292313895289,
    0.03460612192528677,
    0.03440038005213403,
    0.03421765861210976,
    0.03404487567525688,
    0.033891344539113445,
    0.033758737989312164,
    0.03363898260883873,
    0.03352670336910812,
    0.03342794216945232,
    0.033345836026639535,
    0.033275283940331954,
    0.03321155463084277,
    0.033151457283042814,
    0.03310997554171754,
    0.03306424922417544,
    0.03303173418158596,
    0.033001121082754076,
    0.03297484939718877,
    0.03295364918009503,
    0.03293353843704346
  ],