{
  "step": [
    0,
    249,
    499,
    749,
    999,
    1249,
    1499,
    1749,
    1999,
    2249,
    2499,
    2749,
    2999,
    3249,
    3499,
    3749,
    3999,
    4249,
    4499,
    4749,
    4999,
    5249,
    5499,
    5749,
    5999,
    6249,
    6499,
    6749,
    6999,
    7249,
    7499,
    7749,
    7999,
    8249,
    8499,
    8749,
    8999,
    9249,
    9499,
    9749,
    9999,
    10249,
    10499,
    10749,
    10999,
    11249,
    11499,
    11749,
    11999
  ],
  "lr": [
    1.3333333333333334e-06,
    0.0003333333333333334,
    0.0003997430945312933,
    0.00039869341669829435,
    0.0003968388174131503,
    0.00039418765068675486,
    0.00039075185865447435,
    0.00038654691778300246,
    0.0003815917691568793,
    0.0003759087331586988,
    0.0003695234089273256,
    0.0003624645590470099,
    0.0003547639799868165,
    0.0003464563588739715,
    0.00033757911724628865,
    0.00032817224248748924,
    0.0003182781077047135,
    0.00030794128085958087,
    0.00029720832401256627,
    0.0002861275835849913,
    0.0002747489725833932,
    0.00026312374576723674,
    0.000251304268772723,
    0.0002393437822326734,
    0.0002272961619550055,
    0.00021521567624007405,
    0.00020315674143003612,
    0.00019117367679136486,
    0.00017932045983463856,
    0.00016765048317376376,
    0.00015621631401985497,
    0.0001450694573931278,
    0.0001342601241194125,
    0.00012383700465634404,
    0.00011384704976802501,
    0.00010433525903610841,
    9.534447815994857e-05,
    8.69152059588778e-05,
    7.908541194596485e-05,
    7.18903652949897e-05,
    6.536247597105095e-05,
    5.953114874043029e-05,
    5.4422650717323167e-05,
    5.0059993044070575e-05,
    4.6462827237860207e-05,
    4.364735667080183e-05,
    4.162626358211384e-05,
    4.040865195119247e-05,
    4.000000648889175e-05
  ],
  "train_recon_loss": [
    22.620161056518555,
    7.938441753387451,
    6.342207908630371,
    5.479498386383057,
    5.197751522064209,
    5.092910289764404,
    4.825613498687744,
    4.545228481292725,
    4.483443737030029,
    4.427701473236084,
    4.285184383392334,
    4.1515092849731445,
    3.9701621532440186,
    4.120927810668945,
    3.9772651195526123,
    3.913602113723755,
    3.8172130584716797,
    3.983107089996338,
    3.7837135791778564,
    3.7250611782073975,
    3.713498830795288,
    3.920525074005127,
    3.853414535522461,
    3.81005859375,
    3.6598479747772217,
    3.815159559249878,
    3.782492160797119,
    3.736525774002075,
    3.6996700763702393,
    3.7280120849609375,
    3.722792148590088,
    3.7206268310546875,
    3.6186795234680176,
    3.9374406337738037,
    4.450852394104004,
    4.025704383850098,
    3.938589572906494,
    4.813929557800293,
    4.492240905761719,
    4.013930797576904,
    3.8977773189544678,
    3.8500008583068848,
    3.935938596725464,
    3.8908021450042725,
    3.777864456176758,
    3.77461314201355,
    3.694875717163086,
    3.74003529548645,
    3.7395341396331787
  ],
  "train_l0": [
    32.0,
    32.0,
    32.0,
    32.0,
    32.0,
    32.0,
    32.0,
    32.0,
    32.0,
    32.0,
    32.0,
    32.0,
    32.0,
    32.0,
    32.0,
    32.0,
    32.0,
    32.0,
    32.0,
    32.0,
    32.0,
    32.0,
    32.0,
    32.0,
    32.0,
    32.0,
    32.0,
    32.0,
    32.0,
    32.0,
    32.0,
    32.0,
    32.0,
    32.0,
    32.0,
    32.0,
    32.0,
    32.0,
    32.0,
    32.0,
    32.0,
    32.0,
    32.0,
    32.0,
    32.0,
    32.0,
    32.0,
    32.0,
    32.0
  ],
  "train_explained_var": [
    0.15323186632308783,
    0.6961977826740249,
    0.770835554518409,
    0.7830133399538253,
    0.8038137093456764,
    0.8047371052113719,
    0.8238045395989206,
    0.8318332197408453,
    0.8323240178830965,
    0.8270805589146124,
    0.8375536124901719,
    0.8435173102432794,
    0.8481634493664192,
    0.8453903281320878,
    0.8437428483904486,
    0.8556578098575894,
    0.8526660793406872,
    0.8449061338495649,
    0.8531939004333374,
    0.8636277059163832,
    0.8586205672095392,
    0.8487825206958828,
    0.8527333035539928,
    0.8547741979995709,
    0.8615862991196525,
    0.8550764785959699,
    0.8566585579698937,
    0.8620922287521016,
    0.8591545793010045,
    0.8524147411618139,
    0.856941725819212,
    0.8579718591867196,
    0.8595656260168572,
    0.8527509336278944,
    0.8293645254281745,
    0.8440272397550705,
    0.8476044127537445,
    0.820038036762572,
    0.8323065407236294,
    0.8525883276988465,
    0.8538313407405538,
    0.8512183323189808,
    0.8492133261548662,
    0.8539572471055543,
    0.8568883463070092,
    0.85716398672795,
    0.8584600866650188,
    0.8611051109140992,
    0.8563232468123578
  ],
  "eval_recon_loss": [
    22.281103134155273,
    7.849724292755127,
    6.122408390045166,
    5.411551475524902,
    4.997661590576172,
    4.9657440185546875,
    4.657553672790527,
    4.436734676361084,
    4.270760536193848,
    4.386026382446289,
    4.221102714538574,
    4.109914302825928,
    4.013758659362793,
    4.081903457641602,
    3.937716484069824,
    3.848764181137085,
    3.777064323425293,
    3.937006950378418,
    3.808729410171509,
    3.747425079345703,
    3.7014622688293457,
    3.8559954166412354,
    3.7892112731933594,
    3.7454497814178467,
    3.6892266273498535,
    3.7491097450256348,
    3.6844232082366943,
    3.641805648803711,
    3.6106760501861572,
    3.699289321899414,
    3.65624737739563,
    3.629387617111206,
    3.6089067459106445,
    3.9060075283050537,
    3.805204153060913,
    3.764650821685791,
    3.7376344203948975,
    4.485206604003906,
    4.146145820617676,
    4.002439022064209,
    3.9272825717926025,
    3.8827061653137207,
    3.8432981967926025,
    3.8116347789764404,
    3.78487229347229,
    3.7688355445861816,
    3.7529358863830566,
    3.727149724960327,
    3.707958698272705
  ],
  "eval_explained_var": [
    0.14772161643538884,
    0.6996319067702967,
    0.7657270093995163,
    0.7929282082998457,
    0.8087656978521272,
    0.809986581086119,
    0.8217797124647741,
    0.8302290265426788,
    0.8365799840543657,
    0.8321697367802605,
    0.8384801514514117,
    0.8427347959604004,
    0.8464142320769992,
    0.8438066085340964,
    0.849323865114298,
    0.8527276299859665,
    0.8554711961181636,
    0.8493510518075466,
    0.8542595545352659,
    0.8566053373791999,
    0.8583640974791477,
    0.8524509916975853,
    0.8550064131402302,
    0.8566809857216217,
    0.8588323016013656,
    0.8565409195130831,
    0.8590160854723361,
    0.8606468674068843,
    0.8618380733545883,
    0.8584472814620471,
    0.8600942568128759,
    0.8611220232942887,
    0.8619057299039613,
    0.8505372674461207,
    0.8543944297275433,
    0.855946206036745,
    0.8569799937320988,
    0.8283745473871726,
    0.8413484205735465,
    0.8468473215742796,
    0.849723126336892,
    0.8514288176466964,
    0.852936785062952,
    0.854148371907541,
    0.855172434430075,
    0.8557860782381213,
    0.8563944762915978,
    0.8573811707954921,
    0.8581155125739004
  ],
  "dead_check_step": [
    1000,
    2000,
    3000,
    4000,
    5000,
    6000,
    7000,
    8000,
    9000,
    10000,
    11000,
    12000
  ],
  "dead_check_pct": [
    82.177734375,
    80.2490234375,
    81.787109375,
    80.4931640625,
    80.3466796875,
    79.736328125,
    77.63671875,
    72.94921875,
    71.97265625,
    68.3349609375,
    67.4560546875,
    66.69921875
  ]
}