{
  "step": [
    0,
    249,
    499,
    749,
    999,
    1249,
    1499,
    1749,
    1999,
    2249,
    2499,
    2749,
    2999,
    3249,
    3499,
    3749,
    3999,
    4249,
    4499,
    4749,
    4999,
    5249,
    5499,
    5749,
    5999,
    6249,
    6499,
    6749,
    6999,
    7249,
    7499,
    7749,
    7999,
    8249,
    8499,
    8749,
    8999,
    9249,
    9499,
    9749,
    9999,
    10249,
    10499,
    10749,
    10999,
    11249,
    11499,
    11749,
    11999
  ],
  "lr": [
    1.3333333333333334e-06,
    0.0003333333333333334,
    0.0003997430945312933,
    0.00039869341669829435,
    0.0003968388174131503,
    0.00039418765068675486,
    0.00039075185865447435,
    0.00038654691778300246,
    0.0003815917691568793,
    0.0003759087331586988,
    0.0003695234089273256,
    0.0003624645590470099,
    0.0003547639799868165,
    0.0003464563588739715,
    0.00033757911724628865,
    0.00032817224248748924,
    0.0003182781077047135,
    0.00030794128085958087,
    0.00029720832401256627,
    0.0002861275835849913,
    0.0002747489725833932,
    0.00026312374576723674,
    0.000251304268772723,
    0.0002393437822326734,
    0.0002272961619550055,
    0.00021521567624007405,
    0.00020315674143003612,
    0.00019117367679136486,
    0.00017932045983463856,
    0.00016765048317376376,
    0.00015621631401985497,
    0.0001450694573931278,
    0.0001342601241194125,
    0.00012383700465634404,
    0.00011384704976802501,
    0.00010433525903610841,
    9.534447815994857e-05,
    8.69152059588778e-05,
    7.908541194596485e-05,
    7.18903652949897e-05,
    6.536247597105095e-05,
    5.953114874043029e-05,
    5.4422650717323167e-05,
    5.0059993044070575e-05,
    4.6462827237860207e-05,
    4.364735667080183e-05,
    4.162626358211384e-05,
    4.040865195119247e-05,
    4.000000648889175e-05
  ],
  "train_recon_loss": [
    0.0964345782995224,
    0.06397680938243866,
    0.05239485949277878,
    0.04749199002981186,
    0.043571215122938156,
    0.04257119819521904,
    0.040504489094018936,
    0.039952635765075684,
    0.03857950121164322,
    0.03756116330623627,
    0.03834398090839386,
    0.03769337013363838,
    0.037243567407131195,
    0.03749772906303406,
    0.03675926476716995,
    0.035989005118608475,
    0.03574272245168686,
    0.035872168838977814,
    0.03572698310017586,
    0.0354168526828289,
    0.0344291552901268,
    0.0343676321208477,
    0.0349583774805069,
    0.03436300903558731,
    0.034608494490385056,
    0.034517981112003326,
    0.03392552211880684,
    0.0342688262462616,
    0.03325294330716133,
    0.03393639624118805,
    0.033662356436252594,
    0.033786386251449585,
    0.033761415630578995,
    0.03392275050282478,
    0.03369736671447754,
    0.03281936049461365,
    0.03373899683356285,
    0.03272441029548645,
    0.03325923532247543,
    0.03312259167432785,
    0.033051930367946625,
    0.03366347402334213,
    0.03299807757139206,
    0.03293585404753685,
    0.03288799524307251,
    0.03259101137518883,
    0.033231671899557114,
    0.033323466777801514,
    0.032996129244565964
  ],
  "train_l0": [
    32.0,
    32.0,
    32.0,
    32.0,
    32.0,
    32.0,
    32.0,
    32.0,
    32.0,
    32.0,
    32.0,
    32.0,
    32.0,
    32.0,
    32.0,
    32.0,
    32.0,
    32.0,
    32.0,
    32.0,
    32.0,
    32.0,
    32.0,
    32.0,
    32.0,
    32.0,
    32.0,
    32.0,
    32.0,
    32.0,
    32.0,
    32.0,
    32.0,
    32.0,
    32.0,
    32.0,
    32.0,
    32.0,
    32.0,
    32.0,
    32.0,
    32.0,
    32.0,
    32.0,
    32.0,
    32.0,
    32.0,
    32.0,
    32.0
  ],
  "train_explained_var": [
    0.13745594057435484,
    0.4216289692605676,
    0.5345750162116614,
    0.5774259495546827,
    0.604115958782059,
    0.6189080582047035,
    0.6269907846084917,
    0.6383185738879222,
    0.6459797402900003,
    0.6595893964717208,
    0.6523377398227497,
    0.6578259289259132,
    0.6654806676981796,
    0.6679512333317851,
    0.6692894068426298,
    0.6744972143686769,
    0.6824296691343328,
    0.6791620015014712,
    0.6774125591767287,
    0.6814523073442567,
    0.6861507315464015,
    0.6893665993600846,
    0.6867392087086236,
    0.6902491802287805,
    0.687217018611792,
    0.6889806268544916,
    0.6974019407044199,
    0.6931186647421741,
    0.6958990959709794,
    0.692576777665229,
    0.6999800322472235,
    0.6957089876107161,
    0.6954659001632426,
    0.6969252676392128,
    0.7029191782798774,
    0.6979823347589507,
    0.6978686577911004,
    0.6997027724758274,
    0.6978526240152494,
    0.7033566990150941,
    0.7002064821779876,
    0.6990732714510821,
    0.7038822407109188,
    0.7043176946788576,
    0.7029870806666876,
    0.7046452024474064,
    0.7030976913925666,
    0.7012350661720603,
    0.7049795981340014
  ],
  "eval_recon_loss": [
    0.08867975324392319,
    0.05910104140639305,
    0.04796897619962692,
    0.044314660131931305,
    0.04221998527646065,
    0.04085526242852211,
    0.03986571356654167,
    0.03909243270754814,
    0.03847827389836311,
    0.03795051947236061,
    0.037483446300029755,
    0.0370783768594265,
    0.036761246621608734,
    0.03645683079957962,
    0.0362069271504879,
    0.035980820655822754,
    0.03575911372900009,
    0.035557977855205536,
    0.035385508090257645,
    0.03522344306111336,
    0.03507135063409805,
    0.03493497520685196,
    0.03480447828769684,
    0.03468437120318413,
    0.03456747531890869,
    0.034461989998817444,
    0.034367430955171585,
    0.03426864370703697,
    0.03418814018368721,
    0.03411509096622467,
    0.0340394452214241,
    0.033963996917009354,
    0.03390510380268097,
    0.03384992480278015,
    0.03379559889435768,
    0.033744990825653076,
    0.03370140120387077,
    0.03366057574748993,
    0.03362435847520828,
    0.033593349158763885,
    0.0335620753467083,
    0.033532559871673584,
    0.03350922837853432,
    0.03349067270755768,
    0.033471640199422836,
    0.033450134098529816,
    0.033432770520448685,
    0.033419426530599594,
    0.03340158239006996
  ],
  "eval_explained_var": [
    0.135,
    0.4232608806293533,
    0.5318903503031889,
    0.5675514039756285,
    0.5879925547848595,
    0.6013102197210953,
    0.6109669327749422,
    0.6185129200657273,
    0.6245062819002749,
    0.6296563495179515,
    0.6342143625761607,
    0.6381672337826637,
    0.6412620148613475,
    0.6442327211388852,
    0.6466714289868982,
    0.6488778373976647,
    0.6510415303407058,
    0.6530042242871061,
    0.6546873591298406,
    0.6562689220433626,
    0.6577530573368815,
    0.6590840349576117,
    0.6603573921388998,
    0.6615293591589233,
    0.6626704619814161,
    0.663699850223211,
    0.6646224679724876,
    0.6655867105818029,
    0.6663721298841048,
    0.6670848420072998,
    0.6678234015326674,
    0.6685594526603557,
    0.6691343483255536,
    0.6696726722796609,
    0.6702028893832976,
    0.6706967528973811,
    0.6711220171879771,
    0.6715205252366618,
    0.6718739548343003,
    0.6721767075281013,
    0.6724816050836859,
    0.6727697072808969,
    0.6729973898122701,
    0.6731785397490149,
    0.673364124823685,
    0.6735742122177144,
    0.6737434381770856,
    0.6738738385028138,
    0.6740481176111329
  ],
  "dead_check_step": [
    1000,
    2000,
    3000,
    4000,
    5000,
    6000,
    7000,
    8000,
    9000,
    10000,
    11000,
    12000
  ],
  "dead_check_pct": [
    34.8388671875,
    29.4677734375,
    22.4365234375,
    16.9677734375,
    12.060546875,
    7.4462890625,
    3.7353515625,
    1.2939453125,
    0.29296875,
    0.1220703125,
    0.1708984375,
    0.1953125
  ]
}