{
  "step": [
    0,
    249,
    499,
    749,
    999,
    1249,
    1499,
    1749,
    1999,
    2249,
    2499,
    2749,
    2999,
    3249,
    3499,
    3749,
    3999,
    4249,
    4499,
    4749,
    4999,
    5249,
    5499,
    5749,
    5999,
    6249,
    6499,
    6749,
    6999,
    7249,
    7499,
    7749,
    7999,
    8249,
    8499,
    8749,
    8999,
    9249,
    9499,
    9749,
    9999,
    10249,
    10499,
    10749,
    10999,
    11249,
    11499,
    11749,
    11999,
    12249,
    12499,
    12749,
    12999,
    13249,
    13499,
    13749,
    13999,
    14249,
    14499,
    14749,
    14999,
    15249,
    15499,
    15749,
    15999
  ],
  "lr": [
    1e-06,
    0.00025,
    0.00039996422751899046,
    0.0003995556091270926,
    0.0003986919630659525,
    0.00039737547797705095,
    0.0003956094900810971,
    0.0003933984747234177,
    0.0003907480350325908,
    0.0003876648877210648,
    0.0003841568460637461,
    0.00038023280009769165,
    0.00037590269409308385,
    0.0003711775013525805,
    0.0003660691964029028,
    0.0003605907246491335,
    0.0003547559695686268,
    0.0003485797175276664,
    0.0003420776203100342,
    0.0003352661554524472,
    0.00032816258448738173,
    0.0003207849091991053,
    0.000313151826003771,
    0.00030528267856918384,
    0.0002971974087943105,
    0.00028891650627275783,
    0.00028046095636829094,
    0.0002718521870339763,
    0.0002631120145097202,
    0.0002542625880358155,
    0.0002453263337226028,
    0.0002363258977184907,
    0.00022728408882035845,
    0.00021822382067177674,
    0.00020916805369552722,
    0.00020013973690757438,
    0.0001911617497599454,
    0.00018225684415989677,
    0.00017344758681230474,
    0.00016475630203139198,
    0.0001562050151667192,
    0.00014781539678680793,
    0.00013960870776184682,
    0.00013160574538464853,
    0.00012382679066640103,
    0.0001162915569407716,
    0.00010901913990661401,
    0.00010202796923587712,
    9.533576186935192e-05,
    8.895947711861248e-05,
    8.291527368793252e-05,
    7.721846872509062e-05,
    7.188349900483852e-05,
    6.692388434339964e-05,
    6.235219333671318e-05,
    5.8180011509249075e-05,
    5.44179119541112e-05,
    5.1075428538831396e-05,
    4.8161031744757154e-05,
    4.568210720125917e-05,
    4.364493696915832e-05,
    4.20546836208023e-05,
    4.0915377157136967e-05,
    4.0229904794926127e-05,
    4.000000365000163e-05
  ],
  "train_recon_loss": [
    0.07382816821336746,
    0.01075330376625061,
    0.004392408765852451,
    0.0034773745574057102,
    0.0028957936447113752,
    0.0026403572410345078,
    0.0023011600133031607,
    0.002315316814929247,
    0.002101070014759898,
    0.001608660793863237,
    0.0015343166887760162,
    0.0014845319092273712,
    0.0013772257370874286,
    0.0013739136047661304,
    0.0012411314528435469,
    0.0012364175636321306,
    0.0012306151911616325,
    0.0012550591491162777,
    0.001245747203938663,
    0.0011584380408748984,
    0.0011724006617441773,
    0.0013003621716052294,
    0.0011819405481219292,
    0.0011473526246845722,
    0.0010795572306960821,
    0.0011424105614423752,
    0.0011465492425486445,
    0.0010719229467213154,
    0.0010708682239055634,
    0.0012160404585301876,
    0.0011212641838937998,
    0.0011244992492720485,
    0.0010717955883592367,
    0.0012474816758185625,
    0.0011744634248316288,
    0.001052779727615416,
    0.0010767158819362521,
    0.0013831013347953558,
    0.001120945904403925,
    0.0011649240041151643,
    0.001094473758712411,
    0.0013514430029317737,
    0.0012256551999598742,
    0.001115295453928411,
    0.0012135495198890567,
    0.0010611902689561248,
    0.0010628325399011374,
    0.0010477225296199322,
    0.0010315119288861752,
    0.0010115811601281166,
    0.0009688185527920723,
    0.0010378947481513023,
    0.0009435932151973248,
    0.001009566243737936,
    0.0009611283894628286,
    0.0009443927556276321,
    0.0009574196301400661,
    0.0009263700339943171,
    0.0009397929534316063,
    0.0009518706938251853,
    0.0009009590721689165,
    0.0008847589488141239,
    0.0009187403484247625,
    0.0009185943636111915,
    0.0008872527396306396
  ],
  "train_l0": [
    32.0,
    32.0,
    32.0,
    32.0,
    32.0,
    32.0,
    32.0,
    32.0,
    32.0,
    32.0,
    32.0,
    32.0,
    32.0,
    32.0,
    32.0,
    32.0,
    32.0,
    32.0,
    32.0,
    32.0,
    32.0,
    32.0,
    32.0,
    32.0,
    32.0,
    32.0,
    32.0,
    32.0,
    32.0,
    32.0,
    32.0,
    32.0,
    32.0,
    32.0,
    32.0,
    32.0,
    32.0,
    32.0,
    32.0,
    32.0,
    32.0,
    32.0,
    32.0,
    32.0,
    32.0,
    32.0,
    32.0,
    32.0,
    32.0,
    32.0,
    32.0,
    32.0,
    32.0,
    32.0,
    32.0,
    32.0,
    32.0,
    32.0,
    32.0,
    32.0,
    32.0,
    32.0,
    32.0,
    32.0,
    32.0
  ],
  "train_explained_var": [
    0.30843526061169557,
    0.8726713323975993,
    0.9511048571332601,
    0.9660263691139112,
    0.9670192377616895,
    0.9718444934761047,
    0.9716250381379651,
    0.9768399166927204,
    0.9779540672800614,
    0.9819821282085732,
    0.9829941028305389,
    0.9851470695008587,
    0.9857152677316351,
    0.9836756027258494,
    0.984648599786532,
    0.9883887614879496,
    0.9863936147703504,
    0.9870257573010508,
    0.987735557334443,
    0.9885747270699761,
    0.9876122618241732,
    0.9870041717880308,
    0.9879371401771557,
    0.9891322220501438,
    0.988840224041912,
    0.9876535778167462,
    0.9879002166833671,
    0.9884512014199897,
    0.9878123233067679,
    0.9870943281915205,
    0.9884507261834306,
    0.9875786643522624,
    0.9894035903215057,
    0.9860431119776656,
    0.9882488059010761,
    0.988107882853635,
    0.9901882463437588,
    0.984891114400871,
    0.987263932783555,
    0.9877660149291652,
    0.989205846812119,
    0.9857120957020346,
    0.9861028492252851,
    0.9881033381600453,
    0.9889909569070957,
    0.9869639128615013,
    0.990625755715592,
    0.9891685299427821,
    0.9899458791919834,
    0.9887626634524501,
    0.9885817903999641,
    0.9890000013325153,
    0.9891212205891865,
    0.9892752464619121,
    0.9897327861174277,
    0.9901519700606174,
    0.990688375553268,
    0.9898422168423436,
    0.9889059304023373,
    0.9908665522073866,
    0.9899717781667993,
    0.9897937063210531,
    0.9903534638344977,
    0.9896540310015478,
    0.9901958318606741
  ],
  "eval_step": [
    500,
    1000,
    1500,
    2000,
    2500,
    3000,
    3500,
    4000,
    4500,
    5000,
    5500,
    6000,
    6500,
    7000,
    7500,
    8000,
    8500,
    9000,
    9500,
    10000,
    10500,
    11000,
    11500,
    12000,
    12500,
    13000,
    13500,
    14000,
    14500,
    15000,
    15500,
    16000
  ],
  "eval_recon_loss": [
    0.005858756123516402,
    0.003896335680703146,
    0.003247976836762013,
    0.0028983235775447806,
    0.0021709845501324816,
    0.0019987755084765694,
    0.0019254190064296266,
    0.0018131542316812124,
    0.001829123089291947,
    0.0017412400670461,
    0.001760798886422345,
    0.0016685770686966997,
    0.0016991346073893493,
    0.0016295668453162248,
    0.0017108710602623612,
    0.001628066274769486,
    0.0017212059901494756,
    0.0016175822612261408,
    0.0017820042861117406,
    0.0016689657449871715,
    0.0018277589652988496,
    0.001700822172900089,
    0.0016437656547060712,
    0.0016107455887249306,
    0.0015820778091844615,
    0.0015617452234320615,
    0.0015428117698623666,
    0.0015234167205048221,
    0.0015085225289292105,
    0.0014971199346448946,
    0.0014853927034413402,
    0.0014751023449566041
  ],