{
  "step": [
    0,
    249,
    499,
    749,
    999,
    1249,
    1499,
    1749,
    1999,
    2249,
    2499,
    2749,
    2999,
    3249,
    3499,
    3749,
    3999,
    4249,
    4499,
    4749,
    4999,
    5249,
    5499,
    5749,
    5999,
    6249,
    6499,
    6749,
    6999,
    7249,
    7499,
    7749,
    7999,
    8249,
    8499,
    8749,
    8999,
    9249,
    9499,
    9749,
    9999,
    10249,
    10499,
    10749,
    10999,
    11249,
    11499,
    11749,
    11999,
    12249,
    12499,
    12749,
    12999,
    13249,
    13499,
    13749,
    13999,
    14249,
    14499,
    14749,
    14999,
    15249,
    15499,
    15749,
    15999
  ],
  "lr": [
    1e-06,
    0.00025,
    0.00039996422751899046,
    0.0003995556091270926,
    0.0003986919630659525,
    0.00039737547797705095,
    0.0003956094900810971,
    0.0003933984747234177,
    0.0003907480350325908,
    0.0003876648877210648,
    0.0003841568460637461,
    0.00038023280009769165,
    0.00037590269409308385,
    0.0003711775013525805,
    0.0003660691964029028,
    0.0003605907246491335,
    0.0003547559695686268,
    0.0003485797175276664,
    0.0003420776203100342,
    0.0003352661554524472,
    0.00032816258448738173,
    0.0003207849091991053,
    0.000313151826003771,
    0.00030528267856918384,
    0.0002971974087943105,
    0.00028891650627275783,
    0.00028046095636829094,
    0.0002718521870339763,
    0.0002631120145097202,
    0.0002542625880358155,
    0.0002453263337226028,
    0.0002363258977184907,
    0.00022728408882035845,
    0.00021822382067177674,
    0.00020916805369552722,
    0.00020013973690757438,
    0.0001911617497599454,
    0.00018225684415989677,
    0.00017344758681230474,
    0.00016475630203139198,
    0.0001562050151667192,
    0.00014781539678680793,
    0.00013960870776184682,
    0.00013160574538464853,
    0.00012382679066640103,
    0.0001162915569407716,
    0.00010901913990661401,
    0.00010202796923587712,
    9.533576186935192e-05,
    8.895947711861248e-05,
    8.291527368793252e-05,
    7.721846872509062e-05,
    7.188349900483852e-05,
    6.692388434339964e-05,
    6.235219333671318e-05,
    5.8180011509249075e-05,
    5.44179119541112e-05,
    5.1075428538831396e-05,
    4.8161031744757154e-05,
    4.568210720125917e-05,
    4.364493696915832e-05,
    4.20546836208023e-05,
    4.0915377157136967e-05,
    4.0229904794926127e-05,
    4.000000365000163e-05
  ],
  "train_recon_loss": [
    23.375349044799805,
    8.6525239944458,
    6.64175271987915,
    5.85513162612915,
    5.325616836547852,
    5.121004104614258,
    4.8250837326049805,
    4.683671474456787,
    4.460042476654053,
    4.255213260650635,
    4.029891490936279,
    3.924916982650757,
    3.8505055904388428,
    3.8498406410217285,
    3.7041378021240234,
    3.6841232776641846,
    3.6334519386291504,
    3.5099098682403564,
    3.5636050701141357,
    3.5545692443847656,
    3.496161699295044,
    3.4890124797821045,
    3.425386428833008,
    3.389439344406128,
    3.4230446815490723,
    3.335681915283203,
    3.2603988647460938,
    3.2916016578674316,
    3.2849647998809814,
    3.2563092708587646,
    3.2566230297088623,
    3.3436973094940186,
    3.2645111083984375,
    3.262850522994995,
    3.2057716846466064,
    3.1783571243286133,
    3.135607957839966,
    3.2168145179748535,
    3.1506881713867188,
    3.217742919921875,
    3.1247222423553467,
    3.0999763011932373,
    3.1390950679779053,
    3.176206350326538,
    3.1049892902374268,
    3.1312921047210693,
    3.137517213821411,
    3.0914719104766846,
    3.0777645111083984,
    3.1394829750061035,
    3.1165833473205566,
    3.1016788482666016,
    3.071910858154297,
    3.0653293132781982,
    3.090231418609619,
    3.0630950927734375,
    3.1424167156219482,
    3.1255314350128174,
    3.1245617866516113,
    3.0909297466278076,
    3.0841729640960693,
    3.084981679916382,
    3.0803868770599365,
    3.0726990699768066,
    3.0560805797576904
  ],
  "train_l0": [
    32.0,
    32.0,
    32.0,
    32.0,
    32.0,
    32.0,
    32.0,
    32.0,
    32.0,
    32.0,
    32.0,
    32.0,
    32.0,
    32.0,
    32.0,
    32.0,
    32.0,
    32.0,
    32.0,
    32.0,
    32.0,
    32.0,
    32.0,
    32.0,
    32.0,
    32.0,
    32.0,
    32.0,
    32.0,
    32.0,
    32.0,
    32.0,
    32.0,
    32.0,
    32.0,
    32.0,
    32.0,
    32.0,
    32.0,
    32.0,
    32.0,
    32.0,
    32.0,
    32.0,
    32.0,
    32.0,
    32.0,
    32.0,
    32.0,
    32.0,
    32.0,
    32.0,
    32.0,
    32.0,
    32.0,
    32.0,
    32.0,
    32.0,
    32.0,
    32.0,
    32.0,
    32.0,
    32.0,
    32.0,
    32.0
  ],
  "train_explained_var": [
    0.1300428211982223,
    0.6704233962806978,
    0.7526118961340044,
    0.780509198917104,
    0.7941875995785224,
    0.8057087215883311,
    0.8125826240616677,
    0.8241375445501868,
    0.8233567578155659,
    0.8348924329673253,
    0.8516400482907828,
    0.8493573581975766,
    0.8516898473980082,
    0.858337660202051,
    0.8614623483679438,
    0.8583105723610029,
    0.8594520957975593,
    0.8693467734938634,
    0.8650066992297981,
    0.8673860285897714,
    0.8647498057578322,
    0.8656687961841991,
    0.8693026119620769,
    0.8698663302517553,
    0.8688212740853662,
    0.872311547978138,
    0.8692511357582475,
    0.8803188695067582,
    0.8739061053686781,
    0.8787457884150278,
    0.8731458955330612,
    0.8712301881409514,
    0.8755963788140079,
    0.8743287332367884,
    0.8773045378236898,
    0.8781073269346202,
    0.8815469600182612,
    0.879673281343596,
    0.8804630680858119,
    0.8767835669827779,
    0.8838492362027036,
    0.882444955198775,
    0.8814123894226162,
    0.8758859489860336,
    0.8813677158410085,
    0.8803835595977333,
    0.8840563391598817,
    0.8810551256764386,
    0.8843101597185254,
    0.8806954986798556,
    0.881047596438426,
    0.8793112120699355,
    0.8818809779346665,
    0.8841538721647392,
    0.8785930947806921,
    0.8822592084733872,
    0.8801334767431996,
    0.8817808763163976,
    0.8814203766491157,
    0.8828777392560021,
    0.8860840428600192,
    0.8805720036777438,
    0.8815193401901942,
    0.8889174824464077,
    0.8871180990322612
  ],
  "eval_step": [
    500,
    1000,
    1500,
    2000,
    2500,
    3000,
    3500,
    4000,
    4500,
    5000,
    5500,
    6000,
    6500,
    7000,
    7500,
    8000,
    8500,
    9000,
    9500,
    10000,
    10500,
    11000,
    11500,
    12000,
    12500,
    13000,
    13500,
    14000,
    14500,
    15000,
    15500,
    16000
  ],
  "eval_recon_loss": [
    6.42395901902206,
    5.215310409528471,
    4.691549396312612,
    4.369671565648893,
    4.0071880221783385,
    3.825875817903579,
    3.6946486390309494,
    3.6029504306828475,
    3.5306212761827602,
    3.464048425799337,
    3.404182666070293,
    3.357301987161094,
    3.311126899533591,
    3.277659171209794,
    3.250856161493409,
    3.2279108013907876,
    3.20739274421771,
    3.187278997248806,
    3.171494583410693,
    3.154955876809515,
    3.1454596505589594,
    3.135248901491496,
    3.127364219566673,
    3.1204029669575393,
    3.1137639528865035,
    3.108234594156666,
    3.1049259526502047,
    3.1007192347291848,
    3.0981789162320457,
    3.0949537177691133,
    3.092215147321102,
    3.0902996494899884
  ],