{
  "step": [
    0,
    249,
    499,
    749,
    999,
    1249,
    1499,
    1749,
    1999,
    2249,
    2499,
    2749,
    2999,
    3249,
    3499,
    3749,
    3999,
    4249,
    4499,
    4749,
    4999,
    5249,
    5499,
    5749,
    5999,
    6249,
    6499,
    6749,
    6999,
    7249,
    7499,
    7749,
    7999,
    8249,
    8499,
    8749,
    8999,
    9249,
    9499,
    9749,
    9999,
    10249,
    10499,
    10749,
    10999,
    11249,
    11499,
    11749,
    11999,
    12249,
    12499,
    12749,
    12999,
    13249,
    13499,
    13749,
    13999,
    14249,
    14499,
    14749,
    14999,
    15249,
    15499,
    15749,
    15999
  ],
  "lr": [
    1e-06,
    0.00025,
    0.00039996422751899046,
    0.0003995556091270926,
    0.0003986919630659525,
    0.00039737547797705095,
    0.0003956094900810971,
    0.0003933984747234177,
    0.0003907480350325908,
    0.0003876648877210648,
    0.0003841568460637461,
    0.00038023280009769165,
    0.00037590269409308385,
    0.0003711775013525805,
    0.0003660691964029028,
    0.0003605907246491335,
    0.0003547559695686268,
    0.0003485797175276664,
    0.0003420776203100342,
    0.0003352661554524472,
    0.00032816258448738173,
    0.0003207849091991053,
    0.000313151826003771,
    0.00030528267856918384,
    0.0002971974087943105,
    0.00028891650627275783,
    0.00028046095636829094,
    0.0002718521870339763,
    0.0002631120145097202,
    0.0002542625880358155,
    0.0002453263337226028,
    0.0002363258977184907,
    0.00022728408882035845,
    0.00021822382067177674,
    0.00020916805369552722,
    0.00020013973690757438,
    0.0001911617497599454,
    0.00018225684415989677,
    0.00017344758681230474,
    0.00016475630203139198,
    0.0001562050151667192,
    0.00014781539678680793,
    0.00013960870776184682,
    0.00013160574538464853,
    0.00012382679066640103,
    0.0001162915569407716,
    0.00010901913990661401,
    0.00010202796923587712,
    9.533576186935192e-05,
    8.895947711861248e-05,
    8.291527368793252e-05,
    7.721846872509062e-05,
    7.188349900483852e-05,
    6.692388434339964e-05,
    6.235219333671318e-05,
    5.8180011509249075e-05,
    5.44179119541112e-05,
    5.1075428538831396e-05,
    4.8161031744757154e-05,
    4.568210720125917e-05,
    4.364493696915832e-05,
    4.20546836208023e-05,
    4.0915377157136967e-05,
    4.0229904794926127e-05,
    4.000000365000163e-05
  ],
  "train_recon_loss": [
    0.10305043309926987,
    0.05522618442773819,
    0.031570956110954285,
    0.02620205655694008,
    0.024241279810667038,
    0.0224776528775692,
    0.021630361676216125,
    0.021028146147727966,
    0.019620396196842194,
    0.018375417217612267,
    0.018703607842326164,
    0.017796412110328674,
    0.017253797501325607,
    0.01717742532491684,
    0.016042809933423996,
    0.01604306511580944,
    0.015816206112504005,
    0.015446988865733147,
    0.014376377686858177,
    0.015138363465666771,
    0.014950282871723175,
    0.01503346860408783,
    0.014613299630582333,
    0.014505455270409584,
    0.01472792774438858,
    0.014918794855475426,
    0.01407603919506073,
    0.014266817830502987,
    0.014564752578735352,
    0.014095520600676537,
    0.01423377450555563,
    0.014429667964577675,
    0.013857545331120491,
    0.013698332011699677,
    0.013491179794073105,
    0.013464531861245632,
    0.013045337051153183,
    0.013454042375087738,
    0.013279478065669537,
    0.013402636162936687,
    0.013137880712747574,
    0.01302182488143444,
    0.01358080841600895,
    0.01279078982770443,
    0.01342250406742096,
    0.013547243550419807,
    0.013471069745719433,
    0.013210020028054714,
    0.0127041544765234,
    0.012748944573104382,
    0.012534643523395061,
    0.012958179228007793,
    0.012783318758010864,
    0.013052133843302727,
    0.012800822034478188,
    0.012078708969056606,
    0.01337013952434063,
    0.012425174936652184,
    0.012660990469157696,
    0.012847661040723324,
    0.012371881864964962,
    0.012755993753671646,
    0.012560339644551277,
    0.012477255426347256,
    0.01274239830672741
  ],
  "train_l0": [
    32.0,
    32.0,
    32.0,
    32.0,
    32.0,
    32.0,
    32.0,
    32.0,
    32.0,
    32.0,
    32.0,
    32.0,
    32.0,
    32.0,
    32.0,
    32.0,
    32.0,
    32.0,
    32.0,
    32.0,
    32.0,
    32.0,
    32.0,
    32.0,
    32.0,
    32.0,
    32.0,
    32.0,
    32.0,
    32.0,
    32.0,
    32.0,
    32.0,
    32.0,
    32.0,
    32.0,
    32.0,
    32.0,
    32.0,
    32.0,
    32.0,
    32.0,
    32.0,
    32.0,
    32.0,
    32.0,
    32.0,
    32.0,
    32.0,
    32.0,
    32.0,
    32.0,
    32.0,
    32.0,
    32.0,
    32.0,
    32.0,
    32.0,
    32.0,
    32.0,
    32.0,
    32.0,
    32.0,
    32.0,
    32.0
  ],
  "train_explained_var": [
    0.22876056582433002,
    0.6411733553047199,
    0.7684041583932218,
    0.8150548642524418,
    0.8219372646370382,
    0.8239094154030202,
    0.8383421373599658,
    0.8538859609259576,
    0.857420710303229,
    0.8620363307522219,
    0.8596284100205271,
    0.879311082261284,
    0.8777882580451635,
    0.8888652128023051,
    0.8684911514821043,
    0.8796202892555053,
    0.8866607566513833,
    0.8869810266244884,
    0.9032548347115518,
    0.8801200819141125,
    0.8785094556432888,
    0.9038662008758258,
    0.8828790138507648,
    0.8987429082370446,
    0.8919067257387815,
    0.8834490405245101,
    0.8934655188494542,
    0.8883754418955064,
    0.8937968999602971,
    0.8925887508118837,
    0.8984590153077707,
    0.8921485766189754,
    0.8961679827199411,
    0.8907452316618721,
    0.8995295041901379,
    0.9034831923877868,
    0.9076169369395228,
    0.9042077119100548,
    0.9059256231376808,
    0.8967452057513534,
    0.9059847196039297,
    0.9054501806643097,
    0.8989574313934396,
    0.8936384399180657,
    0.9050918838298978,
    0.9073310107527145,
    0.9174146128734774,
    0.8993216536609874,
    0.8998230716527127,
    0.9099608624350518,
    0.9056525769570916,
    0.9050146266554657,
    0.9072324486414783,
    0.9026774914845731,
    0.9037568840852084,
    0.9009567572085166,
    0.9107786211716892,
    0.9070949260261115,
    0.91216740257897,
    0.9113599604088041,
    0.905749767628136,
    0.9044522188544026,
    0.9013123718346863,
    0.9088992975226213,
    0.908243125116959
  ],
  "eval_step": [
    500,
    1000,
    1500,
    2000,
    2500,
    3000,
    3500,
    4000,
    4500,
    5000,
    5500,
    6000,
    6500,
    7000,
    7500,
    8000,
    8500,
    9000,
    9500,
    10000,
    10500,
    11000,
    11500,
    12000,
    12500,
    13000,
    13500,
    14000,
    14500,
    15000,
    15500,
    16000
  ],
  "eval_recon_loss": [
    0.033861839095655384,
    0.02688901103570709,
    0.024944326254063984,
    0.023637999586606902,
    0.02259934997695211,
    0.021999683255463642,
    0.02151358924884166,
    0.021225404564338936,
    0.020943471488641834,
    0.02081564138970728,
    0.020580497015578136,
    0.020384460716988708,
    0.020299181450191377,
    0.020205497485541735,
    0.020112559451488213,
    0.020057218505356623,
    0.02007570692798916,
    0.019988318289689236,
    0.019962792708630613,
    0.019890702478417524,
    0.019915636506457605,
    0.01985847581755305,
    0.01981900024140828,
    0.01980617050838957,
    0.019773727992151127,
    0.019753761370058867,
    0.019753272280034304,
    0.019720582486437068,
    0.01972030378709346,
    0.01972122185551946,
    0.0197113252964749,
    0.019692224828225025
  ],