{
  "step": [
    0,
    249,
    499,
    749,
    999,
    1249,
    1499,
    1749,
    1999,
    2249,
    2499,
    2749,
    2999,
    3249,
    3499,
    3749,
    3999,
    4249,
    4499,
    4749,
    4999,
    5249,
    5499,
    5749,
    5999,
    6249,
    6499,
    6749,
    6999,
    7249,
    7499,
    7749,
    7999,
    8249,
    8499,
    8749,
    8999,
    9249,
    9499,
    9749,
    9999,
    10249,
    10499,
    10749,
    10999,
    11249,
    11499,
    11749,
    11999,
    12249,
    12499,
    12749,
    12999,
    13249,
    13499,
    13749,
    13999,
    14249,
    14499,
    14749,
    14999,
    15249,
    15499,
    15749,
    15999
  ],
  "lr": [
    1e-06,
    0.00025,
    0.00039996422751899046,
    0.0003995556091270926,
    0.0003986919630659525,
    0.00039737547797705095,
    0.0003956094900810971,
    0.0003933984747234177,
    0.0003907480350325908,
    0.0003876648877210648,
    0.0003841568460637461,
    0.00038023280009769165,
    0.00037590269409308385,
    0.0003711775013525805,
    0.0003660691964029028,
    0.0003605907246491335,
    0.0003547559695686268,
    0.0003485797175276664,
    0.0003420776203100342,
    0.0003352661554524472,
    0.00032816258448738173,
    0.0003207849091991053,
    0.000313151826003771,
    0.00030528267856918384,
    0.0002971974087943105,
    0.00028891650627275783,
    0.00028046095636829094,
    0.0002718521870339763,
    0.0002631120145097202,
    0.0002542625880358155,
    0.0002453263337226028,
    0.0002363258977184907,
    0.00022728408882035845,
    0.00021822382067177674,
    0.00020916805369552722,
    0.00020013973690757438,
    0.0001911617497599454,
    0.00018225684415989677,
    0.00017344758681230474,
    0.00016475630203139198,
    0.0001562050151667192,
    0.00014781539678680793,
    0.00013960870776184682,
    0.00013160574538464853,
    0.00012382679066640103,
    0.0001162915569407716,
    0.00010901913990661401,
    0.00010202796923587712,
    9.533576186935192e-05,
    8.895947711861248e-05,
    8.291527368793252e-05,
    7.721846872509062e-05,
    7.188349900483852e-05,
    6.692388434339964e-05,
    6.235219333671318e-05,
    5.8180011509249075e-05,
    5.44179119541112e-05,
    5.1075428538831396e-05,
    4.8161031744757154e-05,
    4.568210720125917e-05,
    4.364493696915832e-05,
    4.20546836208023e-05,
    4.0915377157136967e-05,
    4.0229904794926127e-05,
    4.000000365000163e-05
  ],
  "train_recon_loss": [
    0.9015695452690125,
    0.05641857907176018,
    0.014194211922585964,
    0.009529379196465015,
    0.0074723949655890465,
    0.006588960066437721,
    0.006151790730655193,
    0.005601906683295965,
    0.005382656119763851,
    0.005611823406070471,
    0.004738171584904194,
    0.004375461023300886,
    0.0041534448973834515,
    0.004692009650170803,
    0.0040005845949053764,
    0.0034312361385673285,
    0.0032432961743324995,
    0.0033084757160395384,
    0.0029588970355689526,
    0.002775165718048811,
    0.0026313390117138624,
    0.003081663977354765,
    0.0026816565077751875,
    0.002463803393766284,
    0.00229377718642354,
    0.0025889959651976824,
    0.0022595920599997044,
    0.002036426914855838,
    0.0019135747570544481,
    0.0022597459610551596,
    0.0019950843416154385,
    0.0018957540160045028,
    0.0017881550593301654,
    0.002294213278219104,
    0.002059867139905691,
    0.0018938494613394141,
    0.0018208303954452276,
    0.0030239648185670376,
    0.0023246346972882748,
    0.0021259780041873455,
    0.0021717878989875317,
    0.004279321525245905,
    0.0027199103496968746,
    0.0023930692113935947,
    0.0022592113818973303,
    0.002139611402526498,
    0.002082282677292824,
    0.0019715081434696913,
    0.0018953427206724882,
    0.0018826343584805727,
    0.0018283284734934568,
    0.0017680068267509341,
    0.0017485348507761955,
    0.0017547843744978309,
    0.0016729438211768866,
    0.00159875163808465,
    0.0016486288513988256,
    0.001593255321495235,
    0.001584523357450962,
    0.00159979029558599,
    0.0014933970523998141,
    0.001599024748429656,
    0.0015190360136330128,
    0.001488436944782734,
    0.0014915198553353548
  ],
  "train_l0": [
    32.0,
    32.0,
    32.0,
    32.0,
    32.0,
    32.0,
    32.0,
    32.0,
    32.0,
    32.0,
    32.0,
    32.0,
    32.0,
    32.0,
    32.0,
    32.0,
    32.0,
    32.0,
    32.0,
    32.0,
    32.0,
    32.0,
    32.0,
    32.0,
    32.0,
    32.0,
    32.0,
    32.0,
    32.0,
    32.0,
    32.0,
    32.0,
    32.0,
    32.0,
    32.0,
    32.0,
    32.0,
    32.0,
    32.0,
    32.0,
    32.0,
    32.0,
    32.0,
    32.0,
    32.0,
    32.0,
    32.0,
    32.0,
    32.0,
    32.0,
    32.0,
    32.0,
    32.0,
    32.0,
    32.0,
    32.0,
    32.0,
    32.0,
    32.0,
    32.0,
    32.0,
    32.0,
    32.0,
    32.0,
    32.0
  ],
  "train_explained_var": [
    0.09981766370779344,
    0.9433303751963025,
    0.9858494989028975,
    0.9904312792490552,
    0.992627378173039,
    0.9933415587365585,
    0.9939046727928106,
    0.9944080212925647,
    0.9945670918431038,
    0.9943482984970674,
    0.9952506228463631,
    0.9956131370470889,
    0.9958370040518864,
    0.995344371011868,
    0.9960370212838099,
    0.9965699086307818,
    0.996801329449487,
    0.9967516037039712,
    0.9970366457305593,
    0.9972504764920734,
    0.9973420779647485,
    0.9968875070141545,
    0.9973214773355162,
    0.997544337449527,
    0.9977104975241375,
    0.9974387668749592,
    0.9977417757807514,
    0.997949341447538,
    0.9980844715871335,
    0.9977341772998488,
    0.9980132424534887,
    0.9981097822219215,
    0.9982028608314846,
    0.9977468710414232,
    0.997933095571353,
    0.9980924484580046,
    0.9981921780478572,
    0.997006935271064,
    0.9976866685583847,
    0.9978521384308774,
    0.997828808024159,
    0.9957597721156115,
    0.9973125352330333,
    0.9976048038870448,
    0.9977210382530253,
    0.997844970660254,
    0.9979160252104916,
    0.9980154559791087,
    0.9981179116603384,
    0.9981247978291695,
    0.9981787044427104,
    0.9982372606593415,
    0.9982446454086018,
    0.9982676267511387,
    0.9983226672537052,
    0.9984288850446319,
    0.9983465717485376,
    0.9984069486680205,
    0.9984215321781513,
    0.9983942144659483,
    0.9984960221633276,
    0.9983942141009158,
    0.9984916976384852,
    0.9985246471177551,
    0.9985103756199707
  ],
  "eval_step": [
    500,
    1000,
    1500,
    2000,
    2500,
    3000,
    3500,
    4000,
    4500,
    5000,
    5500,
    6000,
    6500,
    7000,
    7500,
    8000,
    8500,
    9000,
    9500,
    10000,
    10500,
    11000,
    11500,
    12000,
    12500,
    13000,
    13500,
    14000,
    14500,
    15000,
    15500,
    16000
  ],
  "eval_recon_loss": [
    0.014706963135919938,
    0.008009753929854578,
    0.006419909613458255,
    0.005616917480969669,
    0.004924971651703767,
    0.004170619604756795,
    0.004103783522219044,
    0.0033984601856150622,
    0.0030347901331566345,
    0.0027792805442875806,
    0.0028491396298366235,
    0.0024242448019872595,
    0.0023175855805521836,
    0.002035828750509418,
    0.0021121870564388763,
    0.0018796173771818705,
    0.002126537070155832,
    0.0019170186509602227,
    0.0024879382892423695,
    0.0021631498762959295,
    0.0030082908439020596,
    0.0023515273638536355,
    0.00211480731194338,
    0.001970645940262732,
    0.0018704836355043523,
    0.001795492456108305,
    0.00173925504187417,
    0.0016945085161015972,
    0.0016563508405237186,
    0.0016260026490113359,
    0.0015950956734141475,
    0.0015695811674191413
  ],