{
  "step": [
    0,
    199,
    399,
    599,
    799,
    999,
    1199,
    1399,
    1599,
    1799,
    1999,
    2199,
    2399,
    2599,
    2799,
    2999,
    3199,
    3399,
    3599,
    3799,
    3999,
    4199,
    4399,
    4599,
    4799,
    4999,
    5199,
    5399,
    5599,
    5799,
    5999,
    6199,
    6399,
    6599,
    6799,
    6999,
    7199,
    7399,
    7599,
    7799,
    7999
  ],
  "lr": [
    2.5e-06,
    0.0005,
    0.0004992776682501658,
    0.0004971008280093131,
    0.0004934835786717185,
    0.0004884493794873887,
    0.00048203087916981577,
    0.0004742697041565401,
    0.0004652161886457308,
    0.0004549290481595954,
    0.00044347499875168706,
    0.0004309283243276965,
    0.0004173703948858186,
    0.0004028891388010897,
    0.0003875784725761343,
    0.0003715376917566075,
    0.00035487082696147816,
    0.000337685969204545,
    0.0003200945688827344,
    0.00030221071297750903,
    0.0002841503851570147,
    0.00026603071357748535,
    0.0002479692112622044,
    0.00023008301398445537,
    0.00021248812059708312,
    0.0001952986407354212,
    0.00017862605477251842,
    0.0001625784908261422,
    0.00014726002350644174,
    0.00013276999895216508,
    0.0001192023905328266,
    0.00010664518939534567,
    9.517983380769335e-05,
    8.488068100047464e-05,
    7.581452493175452e-05,
    6.804016310260902e-05,
    6.160801523276833e-05,
    5.655979626938666e-05,
    5.29282458496025e-05,
    5.073691597142876e-05,
    5.0000018250007885e-05
  ],
  "train_recon_loss": [
    22.32810401916504,
    7.863589763641357,
    5.872632026672363,
    5.268060207366943,
    4.897257328033447,
    4.631906986236572,
    4.471034526824951,
    4.3285956382751465,
    4.209438323974609,
    4.089885711669922,
    3.9958832263946533,
    3.9450204372406006,
    3.8209404945373535,
    3.816401720046997,
    3.815908432006836,
    3.7494544982910156,
    3.6783931255340576,
    3.6905128955841064,
    3.6163392066955566,
    3.507030487060547,
    3.5618896484375,
    3.5298690795898438,
    3.494048833847046,
    3.4659194946289062,
    3.38315749168396,
    3.4108664989471436,
    3.3845374584198,
    3.401564836502075,
    3.4084174633026123,
    3.3842103481292725,
    3.3979263305664062,
    3.4297428131103516,
    3.3174004554748535,
    3.380815267562866,
    3.383692502975464,
    3.379491090774536,
    3.3805794715881348,
    3.351794481277466,
    3.366584062576294,
    3.3097832202911377,
    3.307269811630249
  ],
  "train_l0": [
    32.0,
    32.0,
    32.0,
    32.0,
    32.0,
    32.0,
    32.0,
    32.0,
    32.0,
    32.0,
    32.0,
    32.0,
    32.0,
    32.0,
    32.0,
    32.0,
    32.0,
    32.0,
    32.0,
    32.0,
    32.0,
    32.0,
    32.0,
    32.0,
    32.0,
    32.0,
    32.0,
    32.0,
    32.0,
    32.0,
    32.0,
    32.0,
    32.0,
    32.0,
    32.0,
    32.0,
    32.0,
    32.0,
    32.0,
    32.0,
    32.0
  ],
  "train_explained_var": [
    0.14365081821825498,
    0.7044755690930187,
    0.7781613435581783,
    0.7948933199476285,
    0.8111088987662546,
    0.8164090528033576,
    0.8271777591365683,
    0.836292715563803,
    0.848908210618991,
    0.8392298316253395,
    0.8439540405498884,
    0.8494803659897805,
    0.8544271652543417,
    0.8529693061462512,
    0.8528439076090123,
    0.8622710985085636,
    0.8556191899878194,
    0.8577675989356768,
    0.8636092871799255,
    0.8637585414956268,
    0.8624758029488478,
    0.8644586394903391,
    0.860222429442168,
    0.870037020036371,
    0.867182541584237,
    0.8718020148438256,
    0.8727866610365669,
    0.8704005891914137,
    0.8740011119927833,
    0.8711952254053837,
    0.8722231799425229,
    0.8684656203822618,
    0.8810256347640051,
    0.8696182158364338,
    0.8682890227998882,
    0.8725700313412799,
    0.8709584001571445,
    0.8692195611748869,
    0.8716934474621099,
    0.8753349598673178,
    0.8692069537901221
  ],
  "eval_recon_loss": [
    22.324567794799805,
    7.622748374938965,
    5.899720668792725,
    5.250302791595459,
    4.875939846038818,
    4.631826877593994,
    4.434966087341309,
    4.276139736175537,
    4.1526970863342285,
    4.059150218963623,
    3.9779598712921143,
    3.9096648693084717,
    3.852677345275879,
    3.8016560077667236,
    3.7533516883850098,
    3.705341339111328,
    3.6620826721191406,
    3.6250085830688477,
    3.591499090194702,
    3.5555224418640137,
    3.5261142253875732,
    3.5004425048828125,
    3.477449655532837,
    3.4586315155029297,
    3.444704532623291,
    3.4321014881134033,
    3.420701026916504,
    3.4087228775024414,
    3.400433301925659,
    3.3929848670959473,
    3.3856751918792725,
    3.3785197734832764,
    3.3735902309417725,
    3.3687214851379395,
    3.364901304244995,
    3.360898017883301,
    3.357402801513672,
    3.355304002761841,
    3.3516430854797363,
    3.348930597305298,
    3.347088575363159
  ],
  "eval_explained_var": [
    0.14146291854952286,
    0.7067570917023915,
    0.7730408145355887,
    0.7980235824849872,
    0.812425166967821,
    0.8218160292043085,
    0.829389161410714,
    0.8354992752779911,
    0.8402479214045329,
    0.843846914233916,
    0.8469703472252693,
    0.8495978130374239,
    0.8517895064479494,
    0.8537523533103808,
    0.8556105770084456,
    0.8574574551420042,
    0.8591216394199466,
    0.8605478053110669,
    0.8618369989626283,
    0.8632209101927304,
    0.8643522289842724,
    0.8653397975474356,
    0.8662243296743322,
    0.8669482537332686,
    0.8674840450362229,
    0.8679688500876901,
    0.8684074565874861,
    0.8688682039059706,
    0.8691871087385317,
    0.8694736736677391,
    0.8697548455557745,
    0.8700301107796694,
    0.8702197477172027,
    0.8704071008668929,
    0.8705540153796327,
    0.8707080013800316,
    0.8708424605357792,
    0.8709232185757764,
    0.8710640338157623,
    0.8711683818249669,
    0.8712392617946544
  ]
}