{
  "step": [
    0,
    249,
    499,
    749,
    999,
    1249,
    1499,
    1749,
    1999,
    2249,
    2499,
    2749,
    2999,
    3249,
    3499,
    3749,
    3999,
    4249,
    4499,
    4749,
    4999,
    5249,
    5499,
    5749,
    5999,
    6249,
    6499,
    6749,
    6999,
    7249,
    7499,
    7749,
    7999,
    8249,
    8499,
    8749,
    8999,
    9249,
    9499,
    9749,
    9999,
    10249,
    10499,
    10749,
    10999,
    11249,
    11499,
    11749,
    11999,
    12249,
    12499,
    12749,
    12999,
    13249,
    13499,
    13749,
    13999,
    14249,
    14499,
    14749,
    14999,
    15249,
    15499,
    15749,
    15999
  ],
  "lr": [
    1e-06,
    0.00025,
    0.00039996422751899046,
    0.0003995556091270926,
    0.0003986919630659525,
    0.00039737547797705095,
    0.0003956094900810971,
    0.0003933984747234177,
    0.0003907480350325908,
    0.0003876648877210648,
    0.0003841568460637461,
    0.00038023280009769165,
    0.00037590269409308385,
    0.0003711775013525805,
    0.0003660691964029028,
    0.0003605907246491335,
    0.0003547559695686268,
    0.0003485797175276664,
    0.0003420776203100342,
    0.0003352661554524472,
    0.00032816258448738173,
    0.0003207849091991053,
    0.000313151826003771,
    0.00030528267856918384,
    0.0002971974087943105,
    0.00028891650627275783,
    0.00028046095636829094,
    0.0002718521870339763,
    0.0002631120145097202,
    0.0002542625880358155,
    0.0002453263337226028,
    0.0002363258977184907,
    0.00022728408882035845,
    0.00021822382067177674,
    0.00020916805369552722,
    0.00020013973690757438,
    0.0001911617497599454,
    0.00018225684415989677,
    0.00017344758681230474,
    0.00016475630203139198,
    0.0001562050151667192,
    0.00014781539678680793,
    0.00013960870776184682,
    0.00013160574538464853,
    0.00012382679066640103,
    0.0001162915569407716,
    0.00010901913990661401,
    0.00010202796923587712,
    9.533576186935192e-05,
    8.895947711861248e-05,
    8.291527368793252e-05,
    7.721846872509062e-05,
    7.188349900483852e-05,
    6.692388434339964e-05,
    6.235219333671318e-05,
    5.8180011509249075e-05,
    5.44179119541112e-05,
    5.1075428538831396e-05,
    4.8161031744757154e-05,
    4.568210720125917e-05,
    4.364493696915832e-05,
    4.20546836208023e-05,
    4.0915377157136967e-05,
    4.0229904794926127e-05,
    4.000000365000163e-05
  ],
  "train_recon_loss": [
    0.03255940228700638,
    0.006243412382900715,
    0.0025358472485095263,
    0.0016427388181909919,
    0.0014261299511417747,
    0.0011923983693122864,
    0.0010866292286664248,
    0.000994976027868688,
    0.0009806030429899693,
    0.0008583866874687374,
    0.0008652102551423013,
    0.0008025608258321881,
    0.0007460808265022933,
    0.0007522969390265644,
    0.0007892422145232558,
    0.0007266743341460824,
    0.0006802973221056163,
    0.0006832503713667393,
    0.0006581319030374289,
    0.0006766171427443624,
    0.0006637392798438668,
    0.0006863460876047611,
    0.0006633986486122012,
    0.0006553400307893753,
    0.0006305751157924533,
    0.0006705377018079162,
    0.0006428183987736702,
    0.0006008554482832551,
    0.0005937383975833654,
    0.000605338136665523,
    0.0005855296039953828,
    0.0006165514932945371,
    0.0005667913355864584,
    0.0005974469240754843,
    0.0005854028859175742,
    0.0005927834426984191,
    0.0006821219576522708,
    0.0005936163361184299,
    0.0006033771205693483,
    0.0005702117923647165,
    0.0005342491203919053,
    0.0006186931859701872,
    0.0006008637137711048,
    0.000649250578135252,
    0.0005676025757566094,
    0.000583181157708168,
    0.0005145153845660388,
    0.0005340591305866838,
    0.0005440804525278509,
    0.0005033904453739524,
    0.000520968169439584,
    0.0005139212589710951,
    0.0005467056180350482,
    0.0005395450862124562,
    0.0005094456719234586,
    0.0005102921859361231,
    0.0005276364390738308,
    0.0005201666499488056,
    0.00048279156908392906,
    0.0005062119453214109,
    0.0005127825425006449,
    0.0005070736515335739,
    0.0005113168153911829,
    0.0005150474607944489,
    0.00048191286623477936
  ],
  "train_l0": [
    32.0,
    32.0,
    32.0,
    32.0,
    32.0,
    32.0,
    32.0,
    32.0,
    32.0,
    32.0,
    32.0,
    32.0,
    32.0,
    32.0,
    32.0,
    32.0,
    32.0,
    32.0,
    32.0,
    32.0,
    32.0,
    32.0,
    32.0,
    32.0,
    32.0,
    32.0,
    32.0,
    32.0,
    32.0,
    32.0,
    32.0,
    32.0,
    32.0,
    32.0,
    32.0,
    32.0,
    32.0,
    32.0,
    32.0,
    32.0,
    32.0,
    32.0,
    32.0,
    32.0,
    32.0,
    32.0,
    32.0,
    32.0,
    32.0,
    32.0,
    32.0,
    32.0,
    32.0,
    32.0,
    32.0,
    32.0,
    32.0,
    32.0,
    32.0,
    32.0,
    32.0,
    32.0,
    32.0,
    32.0,
    32.0
  ],
  "train_explained_var": [
    0.15820204071018407,
    0.8703502989344959,
    0.9385531666684419,
    0.957300107260428,
    0.964952348226448,
    0.9707844405329038,
    0.9728276774265368,
    0.9749944434671229,
    0.976092419579834,
    0.9779794246301892,
    0.9815589467542792,
    0.9818078035604615,
    0.9806411794099447,
    0.9818871860998624,
    0.9820581289780639,
    0.9826641775452417,
    0.9837427856703397,
    0.9839008702886157,
    0.9838323331287967,
    0.9838096550922645,
    0.9841953396734442,
    0.9834317041949805,
    0.9834195521712202,
    0.9838444254105913,
    0.984868471997994,
    0.9839933422698143,
    0.9853177104556418,
    0.9855149275931747,
    0.9858959613753621,
    0.9836015772756296,
    0.9842869009627863,
    0.985147989502661,
    0.9854482544134018,
    0.9844574502739247,
    0.9854503753621823,
    0.9849335479136032,
    0.9844091530796187,
    0.9852019042964443,
    0.9857744852249071,
    0.9855526709294818,
    0.9857810647487072,
    0.984335666327561,
    0.9847358034015651,
    0.9843109401310077,
    0.985972921409986,
    0.987041881425592,
    0.9860419288372783,
    0.987158355670533,
    0.9866875603409867,
    0.9863986260314535,
    0.9869872513654175,
    0.9867898155323732,
    0.9866838004761349,
    0.9869457748469727,
    0.9871196641904912,
    0.9877726212752765,
    0.986919554817539,
    0.9878480964345077,
    0.9873964211136744,
    0.9878123328670615,
    0.9875285840832082,
    0.9873287581330025,
    0.9875959706352099,
    0.9875245305908429,
    0.9880088936697945
  ],
  "eval_step": [
    500,
    1000,
    1500,
    2000,
    2500,
    3000,
    3500,
    4000,
    4500,
    5000,
    5500,
    6000,
    6500,
    7000,
    7500,
    8000,
    8500,
    9000,
    9500,
    10000,
    10500,
    11000,
    11500,
    12000,
    12500,
    13000,
    13500,
    14000,
    14500,
    15000,
    15500,
    16000
  ],
  "eval_recon_loss": [
    0.0026608855979043324,
    0.0015166959711974035,
    0.0012001094374652268,
    0.0010392353463463423,
    0.0008918665537327344,
    0.0008190740949866799,
    0.0007852125764430823,
    0.0007477008965908191,
    0.0007356603172352198,
    0.0007043360421642713,
    0.0007107313955552469,
    0.0006809356207478243,
    0.0006787161882274342,
    0.0006536137518694833,
    0.0006640914542647488,
    0.0006402702778189625,
    0.0006557912884613598,
    0.0006320247641668569,
    0.0006365645843728103,
    0.0006139935964564129,
    0.0006488363926234844,
    0.0006186231931410125,
    0.0006004382925562688,
    0.0005884475826627091,
    0.0005792862537754321,
    0.000571829858808285,
    0.0005647894612214912,
    0.0005595943839717086,
    0.0005552090120759927,
    0.0005515524011123485,
    0.0005481039247717093,
    0.0005454288346797576
  ],