{
  "model": "erniarna",
  "contrasts": {
    "A_canonical_vs_orphan": {
      "TRIVIAL": {
        "auc": 0.907329765312455,
        "std": 0.014179386116527538,
        "dim": 66
      },
      "TRIVIAL+EMBED": {
        "auc": 0.9035873548146812,
        "std": 0.03174443387664792,
        "dim": 834
      },
      "TRIVIAL+SAE": {
        "auc": 0.939228669730265,
        "std": 0.013613787743937712,
        "dim": 8258
      },
      "SAE_only": {
        "auc": 0.9396670110841875,
        "std": 0.013434090556934624,
        "dim": 8192
      },
      "sae_value_add": 0.03189890441780996,
      "embed_value_add": -0.003742410497773796
    },
    "B_noncanonical_vs_canonical": {
      "TRIVIAL": {
        "auc": 0.7423906485671191,
        "std": 0.10105262821141425,
        "dim": 66
      },
      "TRIVIAL+EMBED": {
        "auc": 0.7942948717948717,
        "std": 0.07503523230492096,
        "dim": 834
      },
      "TRIVIAL+SAE": {
        "auc": 0.8123868778280542,
        "std": 0.06255796344879722,
        "dim": 8258
      },
      "SAE_only": {
        "auc": 0.8153092006033182,
        "std": 0.061020362834453425,
        "dim": 8192
      },
      "sae_value_add": 0.06999622926093507,
      "embed_value_add": 0.051904223227752566
    }
  }
}