{
  "n_shared": 959,
  "replication": {
    "trivial_auc": 0.6418610933316815,
    "RNA-FM": {
      "trivial+sae_auc": 0.7069930232535275,
      "value_add": 0.06513192992184602
    },
    "ErnieRNA": {
      "trivial+sae_auc": 0.6453062060204917,
      "value_add": 0.0034451126888102035
    },
    "RNA-MSM": {
      "trivial+sae_auc": 0.6471788764645907,
      "value_add": 0.005317783132909204
    }
  },
  "agreement_spearman": {
    "RNA-FM~ErnieRNA": 0.7718084108712141,
    "RNA-FM~RNA-MSM": 0.6857062506696565,
    "ErnieRNA~RNA-MSM": 0.6649931144038891
  },
  "rediscovery": {
    "U3": {
      "n": 93,
      "RNA-FM": 0.9606458582006504,
      "ErnieRNA": 0.7397183233000625,
      "RNA-MSM": 0.999720984423528
    },
    "U8": {
      "n": 16,
      "RNA-FM": 0.9433248128129443,
      "ErnieRNA": 0.9997591895724246,
      "RNA-MSM": 0.9978389919756219
    },
    "SNORD97(snoDB0492)": {
      "n": 1,
      "RNA-FM": 0.994677629081822,
      "ErnieRNA": 0.9998533297380557,
      "RNA-MSM": 0.9999643203393642
    }
  }
}