{
  "model": "rnafm",
  "n_pos": 100,
  "n_neg": 258,
  "n_families": 248,
  "top_positive_families": [
    [
      "SNORD115",
      31
    ],
    [
      "U3",
      6
    ],
    [
      "SNORD116",
      3
    ],
    [
      "U8",
      3
    ],
    [
      "SNORD55",
      1
    ],
    [
      "SNORD38A",
      1
    ],
    [
      "SNORD99",
      1
    ],
    [
      "SNORD89",
      1
    ],
    [
      "SNORD94",
      1
    ],
    [
      "SNORD82",
      1
    ],
    [
      "snoDB0164",
      1
    ],
    [
      "SNORD66",
      1
    ]
  ],
  "random_cv": {
    "trivial": [
      0.7423906485671191,
      0.10105262821141425
    ],
    "trivial_sae": [
      0.8425339366515836,
      0.054980296646975714
    ]
  },
  "grouped_cv": {
    "trivial": [
      0.6507432673850359,
      0.0711352293304746,
      5
    ],
    "trivial_sae": [
      0.7461820526584569,
      0.078589679387552,
      5
    ]
  },
  "grouped_sae_value_add": 0.09543878527342109
}