{
  "n_orphans": 708,
  "spearman_rho": 0.7368136543786875,
  "spearman_p": 3.938796701534577e-122,
  "rediscovery": {
    "U3 (mean of copies)": {
      "rnafm": 0.8473704893195864,
      "erniarna": 0.6090478950968565,
      "n": 94
    },
    "U8 (mean of copies)": {
      "rnafm": 0.8941803861468893,
      "erniarna": 0.9468143167912446,
      "n": 19
    },
    "SNORD97 (snoDB0492)": {
      "rnafm": 0.9819272177703036,
      "erniarna": 0.9265081622547371,
      "n": 1
    }
  }
}