{
  "model": "rnafm",
  "contrasts": {
    "A_canonical_vs_orphan": {
      "TRIVIAL": {
        "auc": 0.907329765312455,
        "std": 0.014179386116527538,
        "dim": 66
      },
      "TRIVIAL+EMBED": {
        "auc": 0.9166543950975194,
        "std": 0.020650950926711487,
        "dim": 706
      },
      "TRIVIAL+SAE": {
        "auc": 0.9410431217967927,
        "std": 0.011163095016670361,
        "dim": 8258
      },
      "SAE_only": {
        "auc": 0.9400503450729085,
        "std": 0.011671094385235694,
        "dim": 8192
      },
      "sae_value_add": 0.03371335648433771,
      "embed_value_add": 0.009324629785064431
    },
    "B_noncanonical_vs_canonical": {
      "TRIVIAL": {
        "auc": 0.7423906485671191,
        "std": 0.10105262821141425,
        "dim": 66
      },
      "TRIVIAL+EMBED": {
        "auc": 0.8355015082956261,
        "std": 0.05178372308685718,
        "dim": 706
      },
      "TRIVIAL+SAE": {
        "auc": 0.8425339366515836,
        "std": 0.054980296646975714,
        "dim": 8258
      },
      "SAE_only": {
        "auc": 0.8438914027149321,
        "std": 0.0555519031363101,
        "dim": 8192
      },
      "sae_value_add": 0.10014328808446449,
      "embed_value_add": 0.09311085972850697
    }
  }
}